,cell_name,cell_num,cluster,electrical_length_lamda,length_um,part_name,person
0,Hipp1,0.0,cluster2,1.5201044671114745,222.7792032181816,basal_terminals,P1
1,Hipp1,0.0,cluster2,1.0260415635046283,150.522473509173,basal_terminals,P1
2,Hipp1,0.0,cluster2,2.305340220468229,287.12176954376935,basal_terminals,P1
3,Hipp1,0.0,cluster2,1.855319690783444,295.2319850944977,basal_terminals,P1
4,Hipp1,0.0,cluster2,1.6440423123219168,245.94998048841822,basal_terminals,P1
5,Hipp1,0.0,cluster2,2.0213311357774715,287.6624388543953,basal_terminals,P1
6,Hipp1,0.0,cluster2,2.216913397769758,262.8755128926702,basal_terminals,P1
7,Hipp1,0.0,cluster2,3.2781061514467207,299.2242073135747,basal_terminals,P1
8,Hipp1,0.0,cluster2,1.7494513024481742,266.6326003588011,basal_terminals,P1
9,Hipp1,0.0,cluster2,1.9129826563199521,297.19651947400075,basal_terminals,P1
10,Hipp1,0.0,cluster2,1.1472609959740108,197.18468308105366,basal_terminals,P1
11,Hipp1,0.0,cluster2,1.9169592645417426,235.6655204438798,basal_terminals,P1
12,Hipp1,0.0,cluster2,1.6122298670769875,207.23225937977242,basal_terminals,P1
13,Hipp1,0.0,cluster2,2.367236597162765,317.7292156416121,basal_terminals,P1
14,Hipp1,0.0,cluster2,2.2393021654281813,317.7645420998228,basal_terminals,P1
15,Hipp1,0.0,cluster2,2.401043797408161,337.1189427737673,basal_terminals,P1
16,Hipp1,0.0,cluster2,1.2359183284768072,209.7483292472241,basal_terminals,P1
17,Hipp1,0.0,cluster2,1.273918239393942,213.805834547025,basal_terminals,P1
18,Hipp1,0.0,cluster2,1.8285646316147184,302.9211451107415,basal_terminals,P1
19,Hipp1,0.0,cluster2,0.6847422237090705,148.35656497945007,basal_terminals,P1
20,Hipp1,0.0,cluster2,0.8362450194042381,162.60617078127993,basal_terminals,P1
21,Hipp1,0.0,cluster2,1.6540784765308005,214.75418454394364,basal_terminals,P1
22,Hipp1,0.0,cluster2,2.368882052748959,262.3861382766144,basal_terminals,P1
23,Hipp1,0.0,cluster2,1.7352254075785838,203.2617972480482,basal_terminals,P1
24,Hipp1,0.0,cluster2,1.8387421910366617,275.9029307671331,basal_terminals,P1
25,Hipp1,0.0,cluster2,1.728705758374208,267.61980351242335,basal_terminals,P1
26,Hipp1,0.0,cluster2,1.0568762424155054,140.87319744802184,basal_terminals,P1
27,Hipp1,0.0,cluster2,0.6584274419936736,98.32814719944628,basal_terminals,P1
28,Hipp1,0.0,cluster2,0.6623630912588001,107.7721822341083,basal_terminals,P1
29,Hipp1,0.0,cluster2,2.539160437735139,282.88974345646363,basal_terminals,P1
30,Hipp1,0.0,cluster2,2.9736173736400056,323.4274388100075,basal_terminals,P1
31,Hipp1,0.0,cluster2,2.926517426975842,319.03270337998526,basal_terminals,P1
32,Hipp1,0.0,cluster2,2.293858940839929,290.1051947286447,basal_terminals,P1
33,Hipp1,0.0,cluster2,2.1946948377054234,273.74542043816535,basal_terminals,P1
34,Hipp1,0.0,cluster2,2.140765665561191,297.47006983902384,basal_terminals,P1
35,Hipp1,0.0,cluster2,0.8365730479015174,145.96677433010186,basal_terminals,P1
36,Hipp1,0.0,cluster2,0.43285327378740246,96.66282805249186,basal_terminals,P1
37,Hipp1,0.0,cluster2,0.5703144169849643,117.92455541009572,basal_terminals,P1
38,Hipp1,0.0,cluster2,2.6052852627880507,340.2877185260351,basal_terminals,P1
39,Hipp1,0.0,cluster2,0.6760478576263723,122.38699874754731,basal_terminals,P1
40,Hipp1,0.0,cluster2,2.286236612637441,302.59963269855854,basal_terminals,P1
41,Hipp1,0.0,cluster2,2.336945035290243,298.33663456584645,basal_terminals,P1
42,Hipp1,0.0,cluster2,1.6069454911064833,197.313315279127,basal_terminals,P1
43,Hipp1,0.0,cluster2,2.234949856888264,310.4138557368184,basal_terminals,P1
44,Hipp1,0.0,cluster2,1.8304816430065056,234.25142266027157,basal_terminals,P1
45,Hipp1,0.0,cluster2,0.3568799333824019,88.30907696916672,basal_terminals,P1
46,Hipp1,0.0,cluster2,1.0671472130165442,170.72763231469702,basal_terminals,P1
47,Hipp1,0.0,cluster2,0.7496666883494684,127.49545552465308,basal_terminals,P1
48,Hipp1,0.0,cluster2,1.5769403021813664,194.5346972645712,basal_terminals,P1
49,Hipp1,0.0,cluster2,1.674468017935922,223.9406964591547,basal_terminals,P1
50,Hipp1,0.0,cluster2,0.5500938780515223,136.75050256735392,obliqe_terminals,P1
51,Hipp1,0.0,cluster2,0.5528213725153603,137.28146798265408,obliqe_terminals,P1
52,Hipp1,0.0,cluster2,0.5397816448306614,129.05109359899234,obliqe_terminals,P1
53,Hipp1,0.0,cluster2,1.9358751554644191,274.87726953574753,obliqe_terminals,P1
54,Hipp1,0.0,cluster2,1.7599165995038164,251.1183484390786,obliqe_terminals,P1
55,Hipp1,0.0,cluster2,3.108992483067302,365.4661626849343,obliqe_terminals,P1
56,Hipp1,0.0,cluster2,1.216012194854099,249.06811595845375,obliqe_terminals,P1
57,Hipp1,0.0,cluster2,0.6920840786881486,144.14225037894602,obliqe_terminals,P1
58,Hipp1,0.0,cluster2,2.5193875908290435,311.45676740679414,obliqe_terminals,P1
59,Hipp1,0.0,cluster2,2.2922761020929587,290.67148308182783,obliqe_terminals,P1
60,Hipp1,0.0,cluster2,1.9941993269201477,257.6342827557896,obliqe_terminals,P1
61,Hipp1,0.0,cluster2,1.9094108742018892,272.56662848263676,obliqe_terminals,P1
62,Hipp1,0.0,cluster2,1.911829198348908,281.9691430380649,obliqe_terminals,P1
63,Hipp1,0.0,cluster2,2.375150873365078,330.52619234507597,obliqe_terminals,P1
64,Hipp1,0.0,cluster2,1.8831879861992011,256.5118699638526,obliqe_terminals,P1
65,Hipp1,0.0,cluster2,2.114297476249898,267.3028908706009,obliqe_terminals,P1
66,Hipp1,0.0,cluster2,1.255144502598511,277.66753642192356,obliqe_terminals,P1
67,Hipp1,0.0,cluster2,1.1712564248492723,260.45042681139245,obliqe_terminals,P1
68,Hipp1,0.0,cluster2,1.183221281984346,318.9524172291523,obliqe_terminals,P1
69,Hipp1,0.0,cluster2,1.2718301964409933,303.59959165247506,obliqe_terminals,P1
70,Hipp1,0.0,cluster2,1.588893438918758,358.73934186694646,obliqe_terminals,P1
71,Hipp1,0.0,cluster2,1.4861079223895393,336.93750629265236,obliqe_terminals,P1
72,Hipp1,0.0,cluster2,1.5809217798382953,343.6078783831608,obliqe_terminals,P1
73,Hipp1,0.0,cluster2,0.6289965204204933,251.8771167477433,obliqe_terminals,P1
74,Hipp1,0.0,cluster2,0.9737362757815511,323.921595116475,obliqe_terminals,P1
75,Hipp1,0.0,cluster2,0.7674075886583558,329.32788561334416,obliqe_terminals,P1
76,Hipp1,0.0,cluster2,1.6469873209784274,428.8451898883402,obliqe_terminals,P1
77,Hipp1,0.0,cluster2,0.8768920799194316,413.7722462701955,obliqe_terminals,P1
78,Hipp1,0.0,cluster2,1.6742360536516352,384.2490838885277,obliqe_terminals,P1
79,Hipp1,0.0,cluster2,1.3598538050142623,347.3035917300599,obliqe_terminals,P1
80,Hipp1,0.0,cluster2,1.0578433937074012,373.5900372430571,obliqe_terminals,P1
81,Hipp1,0.0,cluster2,1.0390449652197722,369.03696603697,obliqe_terminals,P1
82,Hipp1,0.0,cluster2,1.0811991083417676,361.47828290189926,obliqe_terminals,P1
83,Hipp1,0.0,cluster2,0.654948051144952,299.2002075578502,obliqe_terminals,P1
84,Hipp1,0.0,cluster2,0.7161725505373228,336.4925793376129,obliqe_terminals,P1
85,Hipp1,0.0,cluster2,1.3624803816860807,461.55876391248955,obliqe_terminals,P1
86,Hipp1,0.0,cluster2,1.5098182729299496,710.4735866646805,obliqe_terminals,P1
87,Hipp1,0.0,cluster2,0.9849391477024586,312.6150548526388,obliqe_terminals,P1
88,Hipp1,0.0,cluster2,0.8890916045789052,347.0811099235101,obliqe_terminals,P1
89,Hipp1,0.0,cluster2,0.985184556573547,466.7226153213677,tuft_terminals,P1
90,Hipp1,0.0,cluster2,2.9363023632796206,1128.2855066046804,tuft_terminals,P1
91,Hipp1,0.0,cluster2,5.236644945694096,1635.618399887511,tuft_terminals,P1
92,Hipp1,0.0,cluster2,6.650583640567086,1791.5194147499044,tuft_terminals,P1
93,Hipp1,0.0,cluster2,8.914095453926953,2028.7400341489035,tuft_terminals,P1
94,Hipp1,0.0,cluster2,8.097162215640074,1943.1237772996037,tuft_terminals,P1
95,Hipp1,0.0,cluster2,6.878310222868529,1792.9742126087042,tuft_terminals,P1
96,Hipp1,0.0,cluster2,7.405007485360735,1774.1833087585917,tuft_terminals,P1
97,Hipp1,0.0,cluster2,5.518073622506353,1501.6965391134247,tuft_terminals,P1
98,Hipp1,0.0,cluster2,1.3963448516108845,700.1291522996738,tuft_terminals,P1
99,Hipp1,0.0,cluster2,1.5098182729299496,710.4735866646805,tuft_terminals,P1
0,Hipp2,1.0,cluster2,2.915244873053637,325.5809137049904,basal_terminals,P1
1,Hipp2,1.0,cluster2,2.9721868830518643,351.1707270818169,basal_terminals,P1
2,Hipp2,1.0,cluster2,1.9742257780037578,267.0861283984616,basal_terminals,P1
3,Hipp2,1.0,cluster2,1.6352341039201408,240.23893146659023,basal_terminals,P1
4,Hipp2,1.0,cluster2,1.4941981239576752,246.77465507874317,basal_terminals,P1
5,Hipp2,1.0,cluster2,1.1862874410503732,215.92133524448275,basal_terminals,P1
6,Hipp2,1.0,cluster2,0.8977305568773724,154.39479137796803,basal_terminals,P1
7,Hipp2,1.0,cluster2,1.976962258147709,273.0105415607461,basal_terminals,P1
8,Hipp2,1.0,cluster2,2.1856825551774985,263.56303798801855,basal_terminals,P1
9,Hipp2,1.0,cluster2,3.2330868330076767,418.84778128894334,basal_terminals,P1
10,Hipp2,1.0,cluster2,3.3000563574432955,405.1077714135556,basal_terminals,P1
11,Hipp2,1.0,cluster2,1.8948306335378937,252.92777029038058,basal_terminals,P1
12,Hipp2,1.0,cluster2,3.526530628534444,409.9622788717037,basal_terminals,P1
13,Hipp2,1.0,cluster2,1.9080001700953737,260.7679454828655,basal_terminals,P1
14,Hipp2,1.0,cluster2,3.1239243972374213,364.1673600804348,basal_terminals,P1
15,Hipp2,1.0,cluster2,3.8707582327449597,389.7951825061622,basal_terminals,P1
16,Hipp2,1.0,cluster2,1.7493104893926845,256.2446127184398,basal_terminals,P1
17,Hipp2,1.0,cluster2,0.6644625773595956,123.27970249782354,basal_terminals,P1
18,Hipp2,1.0,cluster2,0.6618991912261447,122.99543007651486,basal_terminals,P1
19,Hipp2,1.0,cluster2,2.0468100554519326,290.86210158882193,basal_terminals,P1
20,Hipp2,1.0,cluster2,0.6360038394367356,114.14694048672784,basal_terminals,P1
21,Hipp2,1.0,cluster2,2.071041540414239,325.86025485280527,basal_terminals,P1
22,Hipp2,1.0,cluster2,0.30244515012113865,90.63663068206644,basal_terminals,P1
23,Hipp2,1.0,cluster2,0.41704748369423916,95.76809757786836,basal_terminals,P1
24,Hipp2,1.0,cluster2,0.40081820771481674,93.96831582881666,basal_terminals,P1
25,Hipp2,1.0,cluster2,0.4185625800023719,93.84637025016164,basal_terminals,P1
26,Hipp2,1.0,cluster2,0.6775036043427386,124.90773102462028,basal_terminals,P1
27,Hipp2,1.0,cluster2,2.2315716336210967,310.73595323562,basal_terminals,P1
28,Hipp2,1.0,cluster2,2.753361891472857,357.80741020203385,basal_terminals,P1
29,Hipp2,1.0,cluster2,0.337925869433228,89.32029851722986,basal_terminals,P1
30,Hipp2,1.0,cluster2,0.4133385774524624,100.40323157194764,basal_terminals,P1
31,Hipp2,1.0,cluster2,0.5591425623703531,118.65862083335821,basal_terminals,P1
32,Hipp2,1.0,cluster2,0.6886062697491895,133.8031281460886,basal_terminals,P1
33,Hipp2,1.0,cluster2,0.7023308780497438,120.77599204776885,basal_terminals,P1
34,Hipp2,1.0,cluster2,2.2636334285394875,317.07566835180717,basal_terminals,P1
35,Hipp2,1.0,cluster2,3.0201959168601435,370.03796708179954,basal_terminals,P1
36,Hipp2,1.0,cluster2,2.532815016422295,334.13079192907634,basal_terminals,P1
37,Hipp2,1.0,cluster2,3.5141861759969553,430.457973638963,basal_terminals,P1
38,Hipp2,1.0,cluster2,3.0655851612902394,351.58207881807186,basal_terminals,P1
39,Hipp2,1.0,cluster2,1.366461938718602,232.0980269047318,basal_terminals,P1
40,Hipp2,1.0,cluster2,2.9261760953675267,336.5120735590075,basal_terminals,P1
41,Hipp2,1.0,cluster2,3.252468839464542,368.13222289374136,basal_terminals,P1
42,Hipp2,1.0,cluster2,0.5329548166964144,102.48322688346724,basal_terminals,P1
43,Hipp2,1.0,cluster2,2.4898853271745858,344.66596160572146,basal_terminals,P1
44,Hipp2,1.0,cluster2,2.1590488326653468,319.6168040430391,basal_terminals,P1
45,Hipp2,1.0,cluster2,1.7579459975475213,226.3415384577781,basal_terminals,P1
46,Hipp2,1.0,cluster2,2.1933009731220268,292.29476951239286,basal_terminals,P1
47,Hipp2,1.0,cluster2,2.616840660930625,339.26414763397327,basal_terminals,P1
48,Hipp2,1.0,cluster2,2.2305802459908306,296.4289376054281,basal_terminals,P1
49,Hipp2,1.0,cluster2,2.9816563623534886,379.72119833795233,basal_terminals,P1
50,Hipp2,1.0,cluster2,3.0844541690986804,704.6040421781635,obliqe_terminals,P1
51,Hipp2,1.0,cluster2,1.9358931679560625,496.8524938416017,obliqe_terminals,P1
52,Hipp2,1.0,cluster2,3.3288070424019605,689.2216312046316,obliqe_terminals,P1
53,Hipp2,1.0,cluster2,2.1967383115112185,524.5457361853164,obliqe_terminals,P1
54,Hipp2,1.0,cluster2,2.3192404733535787,601.6212147248232,obliqe_terminals,P1
55,Hipp2,1.0,cluster2,2.450118801076519,573.4562411350253,obliqe_terminals,P1
56,Hipp2,1.0,cluster2,2.037048596444063,551.3203873900131,obliqe_terminals,P1
57,Hipp2,1.0,cluster2,3.6197719972053273,316.8082842227206,obliqe_terminals,P1
58,Hipp2,1.0,cluster2,2.2654403976367226,271.9780318158609,obliqe_terminals,P1
59,Hipp2,1.0,cluster2,1.9910304731896558,269.82880825811407,obliqe_terminals,P1
60,Hipp2,1.0,cluster2,2.2921640701474666,272.09199879977837,obliqe_terminals,P1
61,Hipp2,1.0,cluster2,0.7668965823187471,180.51898570732303,obliqe_terminals,P1
62,Hipp2,1.0,cluster2,1.7673314450111648,230.75837922184172,obliqe_terminals,P1
63,Hipp2,1.0,cluster2,1.8644531858839615,248.04710801308195,obliqe_terminals,P1
64,Hipp2,1.0,cluster2,0.8430861530033669,219.15540223447277,obliqe_terminals,P1
65,Hipp2,1.0,cluster2,1.7474744315709347,298.97877542433616,obliqe_terminals,P1
66,Hipp2,1.0,cluster2,1.577373746356342,284.6743482482197,obliqe_terminals,P1
67,Hipp2,1.0,cluster2,2.346843502519173,315.423632330842,obliqe_terminals,P1
68,Hipp2,1.0,cluster2,1.6303099417357532,310.3618249502286,obliqe_terminals,P1
69,Hipp2,1.0,cluster2,1.5856211917462353,319.8245237121605,obliqe_terminals,P1
70,Hipp2,1.0,cluster2,1.6461525643597967,323.91616676160044,obliqe_terminals,P1
71,Hipp2,1.0,cluster2,1.5461010225998706,324.6852639904668,obliqe_terminals,P1
72,Hipp2,1.0,cluster2,2.1047252847063196,377.97078473753714,obliqe_terminals,P1
73,Hipp2,1.0,cluster2,1.8198862099268382,325.5451865281951,obliqe_terminals,P1
74,Hipp2,1.0,cluster2,2.0590986861345963,349.13727265075886,obliqe_terminals,P1
75,Hipp2,1.0,cluster2,2.1398373536645234,338.34404894597367,obliqe_terminals,P1
76,Hipp2,1.0,cluster2,8.04060353752613,879.002606824987,obliqe_terminals,P1
77,Hipp2,1.0,cluster2,2.332974563826291,422.8537809896648,obliqe_terminals,P1
78,Hipp2,1.0,cluster2,1.7312732634551133,400.43567383926177,obliqe_terminals,P1
79,Hipp2,1.0,cluster2,1.6350093695912995,385.4097368567273,obliqe_terminals,P1
80,Hipp2,1.0,cluster2,1.801197844850077,405.0620838832726,obliqe_terminals,P1
81,Hipp2,1.0,cluster2,1.5274423872338647,394.15258434897004,obliqe_terminals,P1
82,Hipp2,1.0,cluster2,2.5053018726009197,502.7009873991087,obliqe_terminals,P1
83,Hipp2,1.0,cluster2,2.1817477638663,475.91208069416956,obliqe_terminals,P1
84,Hipp2,1.0,cluster2,2.1727984382543593,497.1462860123046,obliqe_terminals,P1
85,Hipp2,1.0,cluster2,2.0718088720407852,491.87181214954364,obliqe_terminals,P1
86,Hipp2,1.0,cluster2,2.5600720585218095,541.7176072917625,obliqe_terminals,P1
87,Hipp2,1.0,cluster2,1.7914573371506797,529.1517977734361,obliqe_terminals,P1
88,Hipp2,1.0,cluster2,2.1085607625817118,573.4189451959484,obliqe_terminals,P1
89,Hipp2,1.0,cluster2,2.2455524788671286,688.2896375934084,obliqe_terminals,P1
90,Hipp2,1.0,cluster2,1.6562556247264606,743.7877747689871,obliqe_terminals,P1
91,Hipp2,1.0,cluster2,2.631103803364078,737.2467028562668,obliqe_terminals,P1
92,Hipp2,1.0,cluster2,0.5580034252455887,127.43410854335498,obliqe_terminals,P1
93,Hipp2,1.0,cluster2,3.6843951532603083,827.9424232141173,obliqe_terminals,P1
94,Hipp2,1.0,cluster2,2.0873737485060717,283.9596072348637,obliqe_terminals,P1
95,Hipp2,1.0,cluster2,0.6924059771755162,178.93875628580594,obliqe_terminals,P1
96,Hipp2,1.0,cluster2,5.02400543177756,1263.8541879295708,tuft_terminals,P1
97,Hipp2,1.0,cluster2,10.46668438891392,1880.0346000828126,tuft_terminals,P1
98,Hipp2,1.0,cluster2,2.849916152995491,1056.2103236760588,tuft_terminals,P1
99,Hipp2,1.0,cluster2,6.636752756891367,1419.8627228114883,tuft_terminals,P1
100,Hipp2,1.0,cluster2,7.639453251883673,1619.3374416229708,tuft_terminals,P1
0,Hipp3,2.0,cluster2,1.767659719506164,256.4453982374672,basal_terminals,P1
1,Hipp3,2.0,cluster2,1.7324271522143704,234.02474723217694,basal_terminals,P1
2,Hipp3,2.0,cluster2,0.8871231712251828,123.33705928434767,basal_terminals,P1
3,Hipp3,2.0,cluster2,2.48969572276033,278.5973150335448,basal_terminals,P1
4,Hipp3,2.0,cluster2,2.5635757315402756,290.81057728593333,basal_terminals,P1
5,Hipp3,2.0,cluster2,2.6780851544767152,301.90446646665987,basal_terminals,P1
6,Hipp3,2.0,cluster2,1.569498150046282,254.90095972316013,basal_terminals,P1
7,Hipp3,2.0,cluster2,2.034630519452037,234.91329292610328,basal_terminals,P1
8,Hipp3,2.0,cluster2,1.7042849582777881,215.44570791025583,basal_terminals,P1
9,Hipp3,2.0,cluster2,2.8009080297701594,321.52094305638036,basal_terminals,P1
10,Hipp3,2.0,cluster2,3.2291933268942605,321.24552730079404,basal_terminals,P1
11,Hipp3,2.0,cluster2,4.391295595969363,356.6942642264507,basal_terminals,P1
12,Hipp3,2.0,cluster2,1.7330939273078076,230.96158311232188,basal_terminals,P1
13,Hipp3,2.0,cluster2,2.9998406668213113,317.0047357594607,basal_terminals,P1
14,Hipp3,2.0,cluster2,4.45176570662813,410.13802484921456,basal_terminals,P1
15,Hipp3,2.0,cluster2,0.3448147319082282,89.70001923093994,basal_terminals,P1
16,Hipp3,2.0,cluster2,0.42490869991063684,99.72555546638156,basal_terminals,P1
17,Hipp3,2.0,cluster2,1.5615008542436892,227.7389032710331,basal_terminals,P1
18,Hipp3,2.0,cluster2,2.51127008564956,257.5629335740614,basal_terminals,P1
19,Hipp3,2.0,cluster2,1.8572439824258404,230.4571219935235,basal_terminals,P1
20,Hipp3,2.0,cluster2,3.973929719017009,323.18109486165815,basal_terminals,P1
21,Hipp3,2.0,cluster2,3.192182528780876,306.2486390822057,basal_terminals,P1
22,Hipp3,2.0,cluster2,2.227366186631378,276.24446905040236,basal_terminals,P1
23,Hipp3,2.0,cluster2,1.735236672105812,217.39793626924555,basal_terminals,P1
24,Hipp3,2.0,cluster2,1.9784118879381751,231.01369070402637,basal_terminals,P1
25,Hipp3,2.0,cluster2,3.1107718484273703,341.5545357405192,basal_terminals,P1
26,Hipp3,2.0,cluster2,3.9200039424887727,390.29962686709564,basal_terminals,P1
27,Hipp3,2.0,cluster2,3.244478322054552,348.7605300224939,basal_terminals,P1
28,Hipp3,2.0,cluster2,0.18210874086201367,73.89966894167021,basal_terminals,P1
29,Hipp3,2.0,cluster2,0.18526815131322827,72.67089698667276,basal_terminals,P1
30,Hipp3,2.0,cluster2,0.17564546821714563,66.78889140818916,basal_terminals,P1
31,Hipp3,2.0,cluster2,0.6175852573146375,110.35878896833856,basal_terminals,P1
32,Hipp3,2.0,cluster2,1.652724968072991,210.6450793297563,basal_terminals,P1
33,Hipp3,2.0,cluster2,0.48289377282584656,94.45902681205786,basal_terminals,P1
34,Hipp3,2.0,cluster2,0.19893132509002298,73.45573387048698,basal_terminals,P1
35,Hipp3,2.0,cluster2,0.25370110135531987,76.99289857994685,basal_terminals,P1
36,Hipp3,2.0,cluster2,0.23268322908574315,74.95664741568444,basal_terminals,P1
37,Hipp3,2.0,cluster2,1.1713627692823514,151.9377508712707,basal_terminals,P1
38,Hipp3,2.0,cluster2,0.7344236704171282,118.99508414354983,basal_terminals,P1
39,Hipp3,2.0,cluster2,3.8438707268526078,388.730977987924,obliqe_terminals,P1
40,Hipp3,2.0,cluster2,2.4380712376394156,318.69324406521395,obliqe_terminals,P1
41,Hipp3,2.0,cluster2,2.3042686869619198,272.2748641201502,obliqe_terminals,P1
42,Hipp3,2.0,cluster2,0.6156282988816141,140.05088373657293,obliqe_terminals,P1
43,Hipp3,2.0,cluster2,0.5193059701942973,125.4533178290258,obliqe_terminals,P1
44,Hipp3,2.0,cluster2,2.4864166801283902,292.2298943116634,obliqe_terminals,P1
45,Hipp3,2.0,cluster2,2.923819228789563,288.0073964638059,obliqe_terminals,P1
46,Hipp3,2.0,cluster2,3.650753872874915,365.185708936669,obliqe_terminals,P1
47,Hipp3,2.0,cluster2,2.7453265804521325,273.4635736931139,obliqe_terminals,P1
48,Hipp3,2.0,cluster2,2.393932952269053,296.6577445162646,obliqe_terminals,P1
49,Hipp3,2.0,cluster2,2.3995088200833177,264.193306104127,obliqe_terminals,P1
50,Hipp3,2.0,cluster2,0.6697781552003259,161.58360656455312,obliqe_terminals,P1
51,Hipp3,2.0,cluster2,2.262100893066002,354.80370369629776,obliqe_terminals,P1
52,Hipp3,2.0,cluster2,2.113515253087756,314.4103415630574,obliqe_terminals,P1
53,Hipp3,2.0,cluster2,1.8262557838100206,356.38971837595454,obliqe_terminals,P1
54,Hipp3,2.0,cluster2,1.8463982424610936,362.50924839209074,obliqe_terminals,P1
55,Hipp3,2.0,cluster2,2.4566733860202565,406.55518946701625,obliqe_terminals,P1
56,Hipp3,2.0,cluster2,2.110682110565782,405.419769503148,obliqe_terminals,P1
57,Hipp3,2.0,cluster2,2.3812404028239755,430.7877446121784,obliqe_terminals,P1
58,Hipp3,2.0,cluster2,2.5229164813215688,450.84322327171293,obliqe_terminals,P1
59,Hipp3,2.0,cluster2,2.485434825214249,431.4990912727209,obliqe_terminals,P1
60,Hipp3,2.0,cluster2,2.2498545590205397,408.2299961074413,obliqe_terminals,P1
61,Hipp3,2.0,cluster2,2.0619987239367754,439.0218674793199,obliqe_terminals,P1
62,Hipp3,2.0,cluster2,1.8884707468224655,456.0206409753777,obliqe_terminals,P1
63,Hipp3,2.0,cluster2,2.7276071808603657,485.398281340702,obliqe_terminals,P1
64,Hipp3,2.0,cluster2,1.6910437852290565,400.0408957768559,obliqe_terminals,P1
65,Hipp3,2.0,cluster2,2.166595746555005,442.98490565773477,obliqe_terminals,P1
66,Hipp3,2.0,cluster2,2.7147691924102486,480.7353095461509,obliqe_terminals,P1
67,Hipp3,2.0,cluster2,2.3312069451971227,467.62456352712275,obliqe_terminals,P1
68,Hipp3,2.0,cluster2,2.087825524633359,461.50980204761413,obliqe_terminals,P1
69,Hipp3,2.0,cluster2,2.1596803566014917,791.4851964669392,obliqe_terminals,P1
70,Hipp3,2.0,cluster2,3.531029452370718,911.8162455034222,obliqe_terminals,P1
71,Hipp3,2.0,cluster2,3.390133859598855,891.80061629352,obliqe_terminals,P1
72,Hipp3,2.0,cluster2,3.5945614751108796,911.112789348984,obliqe_terminals,P1
73,Hipp3,2.0,cluster2,8.223925846164752,1177.0348714012728,obliqe_terminals,P1
74,Hipp3,2.0,cluster2,2.78951256708293,791.7089071455508,obliqe_terminals,P1
75,Hipp3,2.0,cluster2,2.366731557107951,676.2291622859049,obliqe_terminals,P1
76,Hipp3,2.0,cluster2,1.9598101297269048,553.3339029511083,obliqe_terminals,P1
77,Hipp3,2.0,cluster2,2.5230701161217506,518.1896733839908,obliqe_terminals,P1
78,Hipp3,2.0,cluster2,2.223065333167523,515.8956130722617,obliqe_terminals,P1
79,Hipp3,2.0,cluster2,1.967141288528505,501.19142538051693,obliqe_terminals,P1
80,Hipp3,2.0,cluster2,1.9005537799585703,466.80611477374566,obliqe_terminals,P1
81,Hipp3,2.0,cluster2,1.9307346942350352,469.06622426898673,obliqe_terminals,P1
82,Hipp3,2.0,cluster2,5.985204863195439,1584.3807073013681,tuft_terminals,P1
83,Hipp3,2.0,cluster2,4.458830708469406,1498.4547348061099,tuft_terminals,P1
84,Hipp3,2.0,cluster2,10.379882409710111,1194.9241714877844,tuft_terminals,P1
85,Hipp3,2.0,cluster2,5.97364820128214,933.5475626282524,tuft_terminals,P1
86,Hipp3,2.0,cluster2,8.682695035784342,1149.506744200325,tuft_terminals,P1
87,Hipp3,2.0,cluster2,5.798243471929743,1545.046859771194,tuft_terminals,P1
88,Hipp3,2.0,cluster2,5.453419595651572,1523.9374133854428,tuft_terminals,P1
89,Hipp3,2.0,cluster2,3.142272781004312,880.1476277667335,tuft_terminals,P1
0,Hipp4,3.0,cluster1,0.3112483009921332,73.88562728414402,basal_terminals,P1
1,Hipp4,3.0,cluster1,3.1754652029629207,310.2990307825146,basal_terminals,P1
2,Hipp4,3.0,cluster1,3.845804384947472,358.5367976134776,basal_terminals,P1
3,Hipp4,3.0,cluster1,0.46640216673170276,77.36945472072753,basal_terminals,P1
4,Hipp4,3.0,cluster1,1.055379565974244,131.6109692173429,basal_terminals,P1
5,Hipp4,3.0,cluster1,0.44330993460835777,90.73682004907128,basal_terminals,P1
6,Hipp4,3.0,cluster1,3.4220759638362503,339.21950125627893,basal_terminals,P1
7,Hipp4,3.0,cluster1,3.476801065897011,301.996634376608,basal_terminals,P1
8,Hipp4,3.0,cluster1,0.2794522876193221,77.4220744338007,basal_terminals,P1
9,Hipp4,3.0,cluster1,2.236810405676079,218.80681441869686,basal_terminals,P1
10,Hipp4,3.0,cluster1,2.98671163225792,300.6435350474524,basal_terminals,P1
11,Hipp4,3.0,cluster1,2.101763277675226,249.29830749808667,basal_terminals,P1
12,Hipp4,3.0,cluster1,0.7795189615743171,124.3999337702459,basal_terminals,P1
13,Hipp4,3.0,cluster1,2.5883047854783836,265.0332310679016,basal_terminals,P1
14,Hipp4,3.0,cluster1,2.8931436858273947,287.3650346062775,basal_terminals,P1
15,Hipp4,3.0,cluster1,3.029257569903044,345.18611252598527,basal_terminals,P1
16,Hipp4,3.0,cluster1,3.0930892091480207,345.45949134722196,basal_terminals,P1
17,Hipp4,3.0,cluster1,2.6351178453277497,297.4389528047815,basal_terminals,P1
18,Hipp4,3.0,cluster1,2.3995056601126996,292.58224580534375,basal_terminals,P1
19,Hipp4,3.0,cluster1,2.843946662681442,334.28662121206406,basal_terminals,P1
20,Hipp4,3.0,cluster1,0.4995256721344715,94.76024536459835,basal_terminals,P1
21,Hipp4,3.0,cluster1,0.34269009032250325,80.10775284653074,basal_terminals,P1
22,Hipp4,3.0,cluster1,0.033758198619961474,34.14241818276456,basal_terminals,P1
23,Hipp4,3.0,cluster1,3.2827931854891816,325.92492820978526,basal_terminals,P1
24,Hipp4,3.0,cluster1,2.6692766274776907,301.94940743704785,basal_terminals,P1
25,Hipp4,3.0,cluster1,2.888040960561822,310.760238940421,basal_terminals,P1
26,Hipp4,3.0,cluster1,2.5824799998705616,286.0073980615626,basal_terminals,P1
27,Hipp4,3.0,cluster1,2.0216039872654634,222.84148180981347,basal_terminals,P1
28,Hipp4,3.0,cluster1,2.9942247588918405,283.6305373191794,basal_terminals,P1
29,Hipp4,3.0,cluster1,2.686862370804145,289.0216582614809,basal_terminals,P1
30,Hipp4,3.0,cluster1,3.009247715741912,308.7090156909272,basal_terminals,P1
31,Hipp4,3.0,cluster1,2.929148578702154,294.9522418471491,basal_terminals,P1
32,Hipp4,3.0,cluster1,2.5748569490563824,303.24113109938196,basal_terminals,P1
33,Hipp4,3.0,cluster1,2.64678319156073,284.9974338876528,basal_terminals,P1
34,Hipp4,3.0,cluster1,3.45761399995861,332.26438511735836,basal_terminals,P1
35,Hipp4,3.0,cluster1,4.051501480646263,375.7712293141891,basal_terminals,P1
36,Hipp4,3.0,cluster1,1.818215027228157,231.77256753905814,basal_terminals,P1
37,Hipp4,3.0,cluster1,2.464043863344521,304.15975376219785,basal_terminals,P1
38,Hipp4,3.0,cluster1,1.954314091268081,194.0564538108586,basal_terminals,P1
39,Hipp4,3.0,cluster1,3.0205709234374316,345.2567672472325,basal_terminals,P1
40,Hipp4,3.0,cluster1,2.6718760494928144,307.2108448317463,basal_terminals,P1
41,Hipp4,3.0,cluster1,0.8868901848631174,131.7195214356764,basal_terminals,P1
42,Hipp4,3.0,cluster1,2.1431124677855866,257.2817490629167,basal_terminals,P1
43,Hipp4,3.0,cluster1,2.707609456162883,297.2333531118254,basal_terminals,P1
44,Hipp4,3.0,cluster1,2.082508649213412,238.83279890693657,basal_terminals,P1
45,Hipp4,3.0,cluster1,3.6929222685693652,344.22055192232665,basal_terminals,P1
46,Hipp4,3.0,cluster1,2.2282352025730803,301.7049873756409,basal_terminals,P1
47,Hipp4,3.0,cluster1,2.589391303538711,342.1848676074239,basal_terminals,P1
48,Hipp4,3.0,cluster1,2.6106720498611953,334.1693132770862,basal_terminals,P1
49,Hipp4,3.0,cluster1,1.0586242944265476,160.20933562193702,basal_terminals,P1
50,Hipp4,3.0,cluster1,3.840845525305288,339.3928489271069,basal_terminals,P1
51,Hipp4,3.0,cluster1,0.6526171198886426,105.8304974564835,basal_terminals,P1
52,Hipp4,3.0,cluster1,0.3777479524787154,71.07300515381104,basal_terminals,P1
53,Hipp4,3.0,cluster1,1.6830337335134542,166.69526855303644,basal_terminals,P1
54,Hipp4,3.0,cluster1,0.4766976925365791,97.0982258514012,basal_terminals,P1
55,Hipp4,3.0,cluster1,3.5428394395174383,321.39247879641493,basal_terminals,P1
56,Hipp4,3.0,cluster1,0.33242854545534395,82.58198053850253,basal_terminals,P1
57,Hipp4,3.0,cluster1,1.9456042638566367,534.8107990129123,obliqe_terminals,P1
58,Hipp4,3.0,cluster1,2.6449963241198846,528.0952500803535,obliqe_terminals,P1
59,Hipp4,3.0,cluster1,2.473412973027547,533.7966708447818,obliqe_terminals,P1
60,Hipp4,3.0,cluster1,2.438679565824568,517.4841542073877,obliqe_terminals,P1
61,Hipp4,3.0,cluster1,1.9116020732601144,447.6114382374818,obliqe_terminals,P1
62,Hipp4,3.0,cluster1,2.274768376515225,407.0908792276534,obliqe_terminals,P1
63,Hipp4,3.0,cluster1,2.3889419162563206,404.69172489501057,obliqe_terminals,P1
64,Hipp4,3.0,cluster1,2.5370560651555296,410.45359618273966,obliqe_terminals,P1
65,Hipp4,3.0,cluster1,2.4083865475157507,398.639941925433,obliqe_terminals,P1
66,Hipp4,3.0,cluster1,1.1188142532841097,319.9761315591412,obliqe_terminals,P1
67,Hipp4,3.0,cluster1,1.0078840809587402,304.86348894857116,obliqe_terminals,P1
68,Hipp4,3.0,cluster1,1.206809720720682,336.76519219208086,obliqe_terminals,P1
69,Hipp4,3.0,cluster1,2.403371624778402,334.1215534033357,obliqe_terminals,P1
70,Hipp4,3.0,cluster1,2.450719432557181,332.38726472114627,obliqe_terminals,P1
71,Hipp4,3.0,cluster1,2.6796980652754328,349.53138326632535,obliqe_terminals,P1
72,Hipp4,3.0,cluster1,2.098402821085714,345.76298410847477,obliqe_terminals,P1
73,Hipp4,3.0,cluster1,2.2362668526147567,359.1994848055204,obliqe_terminals,P1
74,Hipp4,3.0,cluster1,2.786577061102986,380.3777963779479,obliqe_terminals,P1
75,Hipp4,3.0,cluster1,2.034852167994929,364.8784940755462,obliqe_terminals,P1
76,Hipp4,3.0,cluster1,2.4985074651741797,397.58241959132215,obliqe_terminals,P1
77,Hipp4,3.0,cluster1,3.4539506497894426,588.3051370294384,obliqe_terminals,P1
78,Hipp4,3.0,cluster1,2.1979307113832878,316.86573388459146,obliqe_terminals,P1
79,Hipp4,3.0,cluster1,1.8150855060747937,301.0718987186692,obliqe_terminals,P1
80,Hipp4,3.0,cluster1,2.317504221850621,328.80671524701324,obliqe_terminals,P1
81,Hipp4,3.0,cluster1,1.7881931259933117,287.92939722144837,obliqe_terminals,P1
82,Hipp4,3.0,cluster1,1.3251935964379524,251.60259809643495,obliqe_terminals,P1
83,Hipp4,3.0,cluster1,1.6619896616272174,355.47262364103096,obliqe_terminals,P1
84,Hipp4,3.0,cluster1,1.488861113654082,316.2184081406212,obliqe_terminals,P1
85,Hipp4,3.0,cluster1,1.9401408090165329,381.4764466659943,obliqe_terminals,P1
86,Hipp4,3.0,cluster1,2.0580383342760764,380.8327026154089,obliqe_terminals,P1
87,Hipp4,3.0,cluster1,9.351452279308203,1617.8057425706097,tuft_terminals,P1
88,Hipp4,3.0,cluster1,10.42345306541918,1704.8844746181453,tuft_terminals,P1
89,Hipp4,3.0,cluster1,10.024422882019898,1672.4712125484778,tuft_terminals,P1
90,Hipp4,3.0,cluster1,10.619810963563621,1718.2234278498017,tuft_terminals,P1
91,Hipp4,3.0,cluster1,6.032703755774924,1333.0307803915284,tuft_terminals,P1
92,Hipp4,3.0,cluster1,7.115528958432216,1397.5987522298133,tuft_terminals,P1
93,Hipp4,3.0,cluster1,4.549604841794553,1216.1912996248252,tuft_terminals,P1
94,Hipp4,3.0,cluster1,4.45644451821437,1209.4927997530008,tuft_terminals,P1
95,Hipp4,3.0,cluster1,4.5398883149954905,1215.492652915402,tuft_terminals,P1
96,Hipp4,3.0,cluster1,4.804467357350601,1249.7289239558547,tuft_terminals,P1
97,Hipp4,3.0,cluster1,4.782403284625505,1251.064088424204,tuft_terminals,P1
98,Hipp4,3.0,cluster1,8.858146952150632,1570.2340194757478,tuft_terminals,P1
99,Hipp4,3.0,cluster1,6.136420460944539,1374.533920422382,tuft_terminals,P1
100,Hipp4,3.0,cluster1,5.749708888305898,1360.4536401095754,tuft_terminals,P1
101,Hipp4,3.0,cluster1,9.302379099954102,1446.6341548234168,tuft_terminals,P1
102,Hipp4,3.0,cluster1,10.726074466605649,1611.7303176296268,tuft_terminals,P1
103,Hipp4,3.0,cluster1,14.517104753239838,1849.7709057059074,tuft_terminals,P1
104,Hipp4,3.0,cluster1,10.031124235633232,1571.040120374841,tuft_terminals,P1
105,Hipp4,3.0,cluster1,14.26210618845923,1882.6283304679587,tuft_terminals,P1
106,Hipp4,3.0,cluster1,13.696884590563297,1836.0816859717868,tuft_terminals,P1
107,Hipp4,3.0,cluster1,13.624592682924366,1842.1436069273311,tuft_terminals,P1
108,Hipp4,3.0,cluster1,13.414670246953651,1702.9771593370795,tuft_terminals,P1
109,Hipp4,3.0,cluster1,14.26708495474631,1748.1175879877599,tuft_terminals,P1
110,Hipp4,3.0,cluster1,11.585229073303982,1605.1950004588477,tuft_terminals,P1
0,Hipp8,4.0,cluster2,0.9641574856855901,149.08363989612326,basal_terminals,P1
1,Hipp8,4.0,cluster2,0.7404513247984162,121.89314751786412,basal_terminals,P1
2,Hipp8,4.0,cluster2,0.5684661029126415,86.65892926963168,basal_terminals,P1
3,Hipp8,4.0,cluster2,1.056295175536235,150.36085502492318,basal_terminals,P1
4,Hipp8,4.0,cluster2,3.4876555214988927,390.59172772153136,basal_terminals,P1
5,Hipp8,4.0,cluster2,1.7343801316013598,206.4147790795465,basal_terminals,P1
6,Hipp8,4.0,cluster2,0.25109176230482233,73.7738497015017,basal_terminals,P1
7,Hipp8,4.0,cluster2,0.3465386936883064,87.30225042000802,basal_terminals,P1
8,Hipp8,4.0,cluster2,0.30848339697514654,75.507064125904,basal_terminals,P1
9,Hipp8,4.0,cluster2,1.213335680309287,183.59290354084158,basal_terminals,P1
10,Hipp8,4.0,cluster2,0.44286645854391826,88.40517957629748,basal_terminals,P1
11,Hipp8,4.0,cluster2,2.084952015997015,281.0772708689147,basal_terminals,P1
12,Hipp8,4.0,cluster2,2.0823569970229916,260.4307500848707,basal_terminals,P1
13,Hipp8,4.0,cluster2,2.7713162506532494,315.94990883787375,basal_terminals,P1
14,Hipp8,4.0,cluster2,1.7079934089997784,212.68044140765184,basal_terminals,P1
15,Hipp8,4.0,cluster2,2.5951833726923432,351.2575197092294,basal_terminals,P1
16,Hipp8,4.0,cluster2,0.9387091249531476,151.94947105704,basal_terminals,P1
17,Hipp8,4.0,cluster2,1.0824907869175298,167.92938701763387,basal_terminals,P1
18,Hipp8,4.0,cluster2,3.087930636798356,381.17798979740695,basal_terminals,P1
19,Hipp8,4.0,cluster2,1.8577871298330928,213.74701509868603,basal_terminals,P1
20,Hipp8,4.0,cluster2,3.240191524588606,360.84894359618824,basal_terminals,P1
21,Hipp8,4.0,cluster2,2.884975836484587,299.36050655583017,basal_terminals,P1
22,Hipp8,4.0,cluster2,0.8965770783291646,149.9315768334447,basal_terminals,P1
23,Hipp8,4.0,cluster2,2.560004227598817,334.8051253008709,basal_terminals,P1
24,Hipp8,4.0,cluster2,1.7295121703011125,253.3859853602578,basal_terminals,P1
25,Hipp8,4.0,cluster2,0.02767377673402164,30.81283359478374,basal_terminals,P1
26,Hipp8,4.0,cluster2,0.6246752405321951,115.42840384053767,basal_terminals,P1
27,Hipp8,4.0,cluster2,1.4347679009821972,200.26460084653772,basal_terminals,P1
28,Hipp8,4.0,cluster2,1.8443757943766066,238.18782976011312,basal_terminals,P1
29,Hipp8,4.0,cluster2,2.53707349351051,254.51123704192554,basal_terminals,P1
30,Hipp8,4.0,cluster2,3.1549600590440323,391.5961089734815,basal_terminals,P1
31,Hipp8,4.0,cluster2,2.6137756477748875,346.2244122308643,basal_terminals,P1
32,Hipp8,4.0,cluster2,1.6107153102631822,208.71326166721633,basal_terminals,P1
33,Hipp8,4.0,cluster2,1.932832518260739,222.37539787884398,basal_terminals,P1
34,Hipp8,4.0,cluster2,0.450176791464523,85.70037008182966,basal_terminals,P1
35,Hipp8,4.0,cluster2,3.582799788467689,387.1368926909254,basal_terminals,P1
36,Hipp8,4.0,cluster2,2.5988972219554354,285.50283334041427,basal_terminals,P1
37,Hipp8,4.0,cluster2,1.6882593526246537,215.09878978427832,basal_terminals,P1
38,Hipp8,4.0,cluster2,3.029111696331885,369.2715208202874,basal_terminals,P1
39,Hipp8,4.0,cluster2,1.9923061115106817,254.04078912223895,basal_terminals,P1
40,Hipp8,4.0,cluster2,2.102182721297476,255.95889181356023,basal_terminals,P1
41,Hipp8,4.0,cluster2,3.1645790782378174,367.1967387570211,basal_terminals,P1
42,Hipp8,4.0,cluster2,1.90757471504841,259.6915317140366,basal_terminals,P1
43,Hipp8,4.0,cluster2,2.3214611854772476,314.52243343170966,basal_terminals,P1
44,Hipp8,4.0,cluster2,3.194855261972411,405.0389977269152,basal_terminals,P1
45,Hipp8,4.0,cluster2,3.062779808176563,379.9506831294054,basal_terminals,P1
46,Hipp8,4.0,cluster2,2.1637318389114997,300.3751672168671,basal_terminals,P1
47,Hipp8,4.0,cluster2,2.3577537953994905,297.84785495778857,basal_terminals,P1
48,Hipp8,4.0,cluster2,2.040842470860459,491.4149667547463,obliqe_terminals,P1
49,Hipp8,4.0,cluster2,1.8713222553827902,564.4317323484426,obliqe_terminals,P1
50,Hipp8,4.0,cluster2,1.7397810890791436,432.1491316618484,obliqe_terminals,P1
51,Hipp8,4.0,cluster2,1.931718820706636,443.6950970040542,obliqe_terminals,P1
52,Hipp8,4.0,cluster2,2.6368319490801375,542.1876714461266,obliqe_terminals,P1
53,Hipp8,4.0,cluster2,1.8547452745666977,466.4776971419909,obliqe_terminals,P1
54,Hipp8,4.0,cluster2,2.125203678876359,485.78963556988333,obliqe_terminals,P1
55,Hipp8,4.0,cluster2,1.944229118854868,455.7652295328753,obliqe_terminals,P1
56,Hipp8,4.0,cluster2,2.6684101911492197,624.4104803081636,obliqe_terminals,P1
57,Hipp8,4.0,cluster2,2.036722195133766,580.229057649412,obliqe_terminals,P1
58,Hipp8,4.0,cluster2,2.124748344189327,498.4335802633476,obliqe_terminals,P1
59,Hipp8,4.0,cluster2,5.882882029762984,790.4247594337353,obliqe_terminals,P1
60,Hipp8,4.0,cluster2,2.4089809038275627,550.2211184027547,obliqe_terminals,P1
61,Hipp8,4.0,cluster2,2.137170539112727,520.5707456265503,obliqe_terminals,P1
62,Hipp8,4.0,cluster2,1.970339064882699,464.99287340386775,obliqe_terminals,P1
63,Hipp8,4.0,cluster2,1.9848166958124454,457.55713691139965,obliqe_terminals,P1
64,Hipp8,4.0,cluster2,2.802590865197987,531.1952239628328,obliqe_terminals,P1
65,Hipp8,4.0,cluster2,1.790685181161348,442.019395400449,obliqe_terminals,P1
66,Hipp8,4.0,cluster2,2.008033486570488,426.8433247535392,obliqe_terminals,P1
67,Hipp8,4.0,cluster2,1.4887009736138417,390.79361756794106,obliqe_terminals,P1
68,Hipp8,4.0,cluster2,1.7605452323432564,266.4486192090467,obliqe_terminals,P1
69,Hipp8,4.0,cluster2,1.832864930933774,264.24325218814977,obliqe_terminals,P1
70,Hipp8,4.0,cluster2,0.4061706817949442,135.84315942504873,obliqe_terminals,P1
71,Hipp8,4.0,cluster2,1.7155665829563318,306.5259985092651,obliqe_terminals,P1
72,Hipp8,4.0,cluster2,1.8890166500460912,315.54482429017867,obliqe_terminals,P1
73,Hipp8,4.0,cluster2,1.5290786183254998,284.03296275610643,obliqe_terminals,P1
74,Hipp8,4.0,cluster2,1.7574543192495444,306.39842756771156,obliqe_terminals,P1
75,Hipp8,4.0,cluster2,1.6262867747471703,291.30944350602766,obliqe_terminals,P1
76,Hipp8,4.0,cluster2,1.8365463489707385,348.7157247411175,obliqe_terminals,P1
77,Hipp8,4.0,cluster2,2.6029013642621126,432.97535797351173,obliqe_terminals,P1
78,Hipp8,4.0,cluster2,1.0521556860361214,292.96646408825046,obliqe_terminals,P1
79,Hipp8,4.0,cluster2,1.7104274271463684,333.5327469176455,obliqe_terminals,P1
80,Hipp8,4.0,cluster2,1.3548359919705728,315.62658329734865,obliqe_terminals,P1
81,Hipp8,4.0,cluster2,1.760663605280472,367.2055506444881,obliqe_terminals,P1
82,Hipp8,4.0,cluster2,1.7304874349300094,339.48507768196544,obliqe_terminals,P1
83,Hipp8,4.0,cluster2,2.553771860907109,447.94691358595725,obliqe_terminals,P1
84,Hipp8,4.0,cluster2,2.4216461601716928,459.78000248702057,obliqe_terminals,P1
85,Hipp8,4.0,cluster2,2.2719605599851156,433.36309328341645,obliqe_terminals,P1
86,Hipp8,4.0,cluster2,3.0519434099500877,809.2270389392738,tuft_terminals,P1
87,Hipp8,4.0,cluster2,9.224533744718814,2014.0343207714793,tuft_terminals,P1
88,Hipp8,4.0,cluster2,8.035398925128254,1827.3983109586923,tuft_terminals,P1
89,Hipp8,4.0,cluster2,7.4990679811278795,1273.037202405482,tuft_terminals,P1
90,Hipp8,4.0,cluster2,7.209326777130786,1752.115714559374,tuft_terminals,P1
91,Hipp8,4.0,cluster2,8.127019385918285,1821.3590702217268,tuft_terminals,P1
92,Hipp8,4.0,cluster2,2.261630930001706,935.8055099800199,tuft_terminals,P1
93,Hipp8,4.0,cluster2,8.08714091765535,1817.0089364401083,tuft_terminals,P1
94,Hipp8,4.0,cluster2,8.077934468677082,1816.0046530146506,tuft_terminals,P1
95,Hipp8,4.0,cluster2,2.482632320735777,967.6914128359866,tuft_terminals,P1
96,Hipp8,4.0,cluster2,3.8367774589317074,877.5605422176378,tuft_terminals,P1
97,Hipp8,4.0,cluster2,9.81425141119992,1531.071830957071,tuft_terminals,P1
98,Hipp8,4.0,cluster2,10.141031952188088,1566.7186131041537,tuft_terminals,P1
99,Hipp8,4.0,cluster2,9.511954444586795,1500.6767626939682,tuft_terminals,P1
100,Hipp8,4.0,cluster2,10.678244755988233,1613.34447981734,tuft_terminals,P1
101,Hipp8,4.0,cluster2,10.376438005931606,1584.5943183097957,tuft_terminals,P1
102,Hipp8,4.0,cluster2,2.5188444006293684,973.8093194398509,tuft_terminals,P1
0,Hipp13,5.0,cluster2,1.8505918510737407,144.52279957213372,basal_terminals,P1
1,Hipp13,5.0,cluster2,2.8279295127414414,195.53780634006262,basal_terminals,P1
2,Hipp13,5.0,cluster2,3.2754640446898406,233.76400097545388,basal_terminals,P1
3,Hipp13,5.0,cluster2,1.0806071189799857,99.05295211409668,basal_terminals,P1
4,Hipp13,5.0,cluster2,4.0806897202328205,311.8382227697142,basal_terminals,P1
5,Hipp13,5.0,cluster2,3.640003641264911,253.15409999945865,basal_terminals,P1
6,Hipp13,5.0,cluster2,3.368548737641758,257.46685262355106,basal_terminals,P1
7,Hipp13,5.0,cluster2,3.115838856786666,239.58536979480323,basal_terminals,P1
8,Hipp13,5.0,cluster2,1.0976750955464962,94.17966019059753,basal_terminals,P1
9,Hipp13,5.0,cluster2,1.4072496686168383,150.71736350726127,basal_terminals,P1
10,Hipp13,5.0,cluster2,0.8225462740459704,90.83872001467243,basal_terminals,P1
11,Hipp13,5.0,cluster2,0.804306290889738,89.64392672031147,basal_terminals,P1
12,Hipp13,5.0,cluster2,2.715162701013073,240.107402196203,basal_terminals,P1
13,Hipp13,5.0,cluster2,2.9882888935277463,234.16451472993293,basal_terminals,P1
14,Hipp13,5.0,cluster2,3.2196487027810856,243.21776207775764,basal_terminals,P1
15,Hipp13,5.0,cluster2,1.388264301320879,117.28397897009448,basal_terminals,P1
16,Hipp13,5.0,cluster2,1.1128772480702904,108.49049470572515,basal_terminals,P1
17,Hipp13,5.0,cluster2,2.8266072100906383,217.35801662472574,basal_terminals,P1
18,Hipp13,5.0,cluster2,0.6199534217757754,68.40868973460357,basal_terminals,P1
19,Hipp13,5.0,cluster2,3.4965363926906226,291.39410621017254,basal_terminals,P1
20,Hipp13,5.0,cluster2,2.1342470248728893,194.92432110770338,basal_terminals,P1
21,Hipp13,5.0,cluster2,3.883636839288621,289.0993277768138,basal_terminals,P1
22,Hipp13,5.0,cluster2,3.4450309299137913,241.76915347060194,basal_terminals,P1
23,Hipp13,5.0,cluster2,3.9230891685030533,270.10697669774163,basal_terminals,P1
24,Hipp13,5.0,cluster2,3.3843639731429844,257.37627491165233,basal_terminals,P1
25,Hipp13,5.0,cluster2,3.4659770391482767,251.62409431425974,basal_terminals,P1
26,Hipp13,5.0,cluster2,0.5344149990504631,80.63159109485589,basal_terminals,P1
27,Hipp13,5.0,cluster2,0.5407003338250844,81.31043450937504,basal_terminals,P1
28,Hipp13,5.0,cluster2,3.43862354357786,258.3465530207307,basal_terminals,P1
29,Hipp13,5.0,cluster2,0.47331956551780086,55.056572004748745,basal_terminals,P1
30,Hipp13,5.0,cluster2,4.09721099706868,293.0192484846552,basal_terminals,P1
31,Hipp13,5.0,cluster2,3.559622200040896,257.8049895508189,basal_terminals,P1
32,Hipp13,5.0,cluster2,3.0984946954786308,227.59925714540555,basal_terminals,P1
33,Hipp13,5.0,cluster2,2.818906638775929,200.2037761852127,basal_terminals,P1
34,Hipp13,5.0,cluster2,3.141261139425833,240.93616800279253,basal_terminals,P1
35,Hipp13,5.0,cluster2,3.910548712710567,245.5531281557411,basal_terminals,P1
36,Hipp13,5.0,cluster2,3.213201511313225,208.95808600876592,basal_terminals,P1
37,Hipp13,5.0,cluster2,3.2435967391223937,210.5531517672786,basal_terminals,P1
38,Hipp13,5.0,cluster2,5.935013969669856,307.81159855692266,basal_terminals,P1
39,Hipp13,5.0,cluster2,3.0544885877892005,253.76139705536104,obliqe_terminals,P1
40,Hipp13,5.0,cluster2,1.7740984875756123,230.554560905821,obliqe_terminals,P1
41,Hipp13,5.0,cluster2,2.826212924647764,276.4043099388284,obliqe_terminals,P1
42,Hipp13,5.0,cluster2,2.695336427958349,265.73330065492206,obliqe_terminals,P1
43,Hipp13,5.0,cluster2,3.9412353934741278,317.5864264305916,obliqe_terminals,P1
44,Hipp13,5.0,cluster2,3.2287468173541303,288.9597665668958,obliqe_terminals,P1
45,Hipp13,5.0,cluster2,2.8272970896260397,289.63846698674064,obliqe_terminals,P1
46,Hipp13,5.0,cluster2,2.8421867086755084,286.94424283465645,obliqe_terminals,P1
47,Hipp13,5.0,cluster2,2.007421662361278,226.73330565343204,obliqe_terminals,P1
48,Hipp13,5.0,cluster2,2.319289917554601,253.50066168413343,obliqe_terminals,P1
49,Hipp13,5.0,cluster2,3.589732253447896,370.0392505245052,obliqe_terminals,P1
50,Hipp13,5.0,cluster2,2.7689323125533445,320.67988065805326,obliqe_terminals,P1
51,Hipp13,5.0,cluster2,2.7676536636780744,337.8103403522638,obliqe_terminals,P1
52,Hipp13,5.0,cluster2,2.415000037188685,354.5271467346228,obliqe_terminals,P1
53,Hipp13,5.0,cluster2,2.4990735654806575,379.1627355968029,obliqe_terminals,P1
54,Hipp13,5.0,cluster2,2.214134251961456,356.8756919302496,obliqe_terminals,P1
55,Hipp13,5.0,cluster2,2.593351253545295,376.7784317979007,obliqe_terminals,P1
56,Hipp13,5.0,cluster2,3.4700588367566128,467.9815834936063,obliqe_terminals,P1
57,Hipp13,5.0,cluster2,3.8535730609074363,480.48246956794156,obliqe_terminals,P1
58,Hipp13,5.0,cluster2,3.7113768258180295,495.1932996554475,obliqe_terminals,P1
59,Hipp13,5.0,cluster2,2.233632548951427,333.06668107906546,obliqe_terminals,P1
60,Hipp13,5.0,cluster2,4.220931937644297,584.0195625512242,obliqe_terminals,P1
61,Hipp13,5.0,cluster2,3.495238618700575,520.157180954659,obliqe_terminals,P1
62,Hipp13,5.0,cluster2,4.353353827818947,576.6127084491354,obliqe_terminals,P1
63,Hipp13,5.0,cluster2,3.1212301230695525,440.56178820589747,obliqe_terminals,P1
64,Hipp13,5.0,cluster2,3.6019107433543027,444.2476060924209,obliqe_terminals,P1
65,Hipp13,5.0,cluster2,4.123780854449866,474.64873975999916,obliqe_terminals,P1
66,Hipp13,5.0,cluster2,2.579674214964869,362.637470176454,obliqe_terminals,P1
67,Hipp13,5.0,cluster2,2.5634267583138524,377.86596051801644,obliqe_terminals,P1
68,Hipp13,5.0,cluster2,2.9222868774110524,369.0878550349693,obliqe_terminals,P1
69,Hipp13,5.0,cluster2,3.0155202887449355,357.80121172196937,obliqe_terminals,P1
70,Hipp13,5.0,cluster2,3.266827801958876,364.2653524587483,obliqe_terminals,P1
71,Hipp13,5.0,cluster2,0.6425716801609346,94.10283070884802,obliqe_terminals,P1
72,Hipp13,5.0,cluster2,0.8891015219438136,120.24176778413482,obliqe_terminals,P1
73,Hipp13,5.0,cluster2,9.889120922086137,1046.0472911571107,tuft_terminals,P1
74,Hipp13,5.0,cluster2,11.47792892405609,1229.6455541803223,tuft_terminals,P1
75,Hipp13,5.0,cluster2,13.061769146448961,1333.3587463622837,tuft_terminals,P1
76,Hipp13,5.0,cluster2,10.15692791265095,1192.6312840408395,tuft_terminals,P1
77,Hipp13,5.0,cluster2,8.862582883019996,1113.7269600246525,tuft_terminals,P1
78,Hipp13,5.0,cluster2,9.706170451407989,1140.6108090820458,tuft_terminals,P1
79,Hipp13,5.0,cluster2,6.250686204525742,854.2642074715254,tuft_terminals,P1
80,Hipp13,5.0,cluster2,9.591437994643929,1077.6634079197736,tuft_terminals,P1
81,Hipp13,5.0,cluster2,10.740841793663229,1137.8170914093587,tuft_terminals,P1
82,Hipp13,5.0,cluster2,13.962885109915058,1289.669530487963,tuft_terminals,P1
83,Hipp13,5.0,cluster2,15.116194355133276,1392.9935700192962,tuft_terminals,P1
84,Hipp13,5.0,cluster2,5.316995606414011,676.5312055801921,tuft_terminals,P1
85,Hipp13,5.0,cluster2,9.040216255250588,1233.2027195187864,tuft_terminals,P1
86,Hipp13,5.0,cluster2,12.586095706039211,1461.6454389437304,tuft_terminals,P1
87,Hipp13,5.0,cluster2,13.892038564968969,1545.7595605313932,tuft_terminals,P1
88,Hipp13,5.0,cluster2,9.284880942020235,1165.1068169017317,tuft_terminals,P1
89,Hipp13,5.0,cluster2,16.201776770701272,1571.9929079884648,tuft_terminals,P1
90,Hipp13,5.0,cluster2,4.47908151053427,674.8210577275634,tuft_terminals,P1
91,Hipp13,5.0,cluster2,4.935492889075742,666.1451043935919,tuft_terminals,P1
92,Hipp13,5.0,cluster2,11.769483299435102,1278.4588404639708,tuft_terminals,P1
93,Hipp13,5.0,cluster2,13.883505132135701,1409.3988843018192,tuft_terminals,P1
94,Hipp13,5.0,cluster2,9.372433814215825,1081.3918393609451,tuft_terminals,P1
95,Hipp13,5.0,cluster2,14.678205063823128,1354.8458427272274,tuft_terminals,P1
96,Hipp13,5.0,cluster2,5.664750593491385,856.549765246685,tuft_terminals,P1
97,Hipp13,5.0,cluster2,4.604857055140518,698.9105767717273,tuft_terminals,P1
98,Hipp13,5.0,cluster2,4.6760926580104325,673.5993385841707,tuft_terminals,P1
0,Hipp1,6.0,cluster2,2.87100714335774,287.5476982407814,basal_terminals,P6
1,Hipp1,6.0,cluster2,0.7230546644220497,96.80872636272933,basal_terminals,P6
2,Hipp1,6.0,cluster2,2.5865555835552594,218.71491260726356,basal_terminals,P6
3,Hipp1,6.0,cluster2,2.595650257257912,213.85296885118285,basal_terminals,P6
4,Hipp1,6.0,cluster2,2.8087101378794923,245.60179264637136,basal_terminals,P6
5,Hipp1,6.0,cluster2,3.164289773347063,311.7988810058974,basal_terminals,P6
6,Hipp1,6.0,cluster2,2.7660877385009486,254.85823463167782,basal_terminals,P6
7,Hipp1,6.0,cluster2,1.5759990925286766,163.43048458347403,basal_terminals,P6
8,Hipp1,6.0,cluster2,2.99620649300589,221.94290725907615,basal_terminals,P6
9,Hipp1,6.0,cluster2,2.808115724679072,209.85473668786798,basal_terminals,P6
10,Hipp1,6.0,cluster2,4.076681124422575,283.215265093475,basal_terminals,P6
11,Hipp1,6.0,cluster2,3.0762841126891067,286.5352357628628,basal_terminals,P6
12,Hipp1,6.0,cluster2,3.650434123832806,315.1938429401925,basal_terminals,P6
13,Hipp1,6.0,cluster2,3.1132520959105245,291.24755388248195,basal_terminals,P6
14,Hipp1,6.0,cluster2,3.4976888286411336,258.27846214109957,basal_terminals,P6
15,Hipp1,6.0,cluster2,3.260139147060661,271.79182813269404,basal_terminals,P6
16,Hipp1,6.0,cluster2,2.1666287179614914,191.2528399125116,basal_terminals,P6
17,Hipp1,6.0,cluster2,3.471950214529924,257.0648216583662,basal_terminals,P6
18,Hipp1,6.0,cluster2,3.439975143486379,287.781516137795,basal_terminals,P6
19,Hipp1,6.0,cluster2,1.8988469751823798,173.2250333200074,basal_terminals,P6
20,Hipp1,6.0,cluster2,3.849921825528799,240.27093756716891,basal_terminals,P6
21,Hipp1,6.0,cluster2,2.5931597153389974,221.7016392292217,basal_terminals,P6
22,Hipp1,6.0,cluster2,3.2733068371482013,298.1033576761281,basal_terminals,P6
23,Hipp1,6.0,cluster2,3.0353434949563827,292.84688929455297,basal_terminals,P6
24,Hipp1,6.0,cluster2,2.5744425284309638,226.3265613287565,basal_terminals,P6
25,Hipp1,6.0,cluster2,1.9918163927818213,200.66050410281622,basal_terminals,P6
26,Hipp1,6.0,cluster2,0.9273063524059899,117.01683209399269,basal_terminals,P6
27,Hipp1,6.0,cluster2,0.969651211141855,117.88397300242045,basal_terminals,P6
28,Hipp1,6.0,cluster2,2.0216393793983216,192.26340295832617,basal_terminals,P6
29,Hipp1,6.0,cluster2,1.4829543762682709,205.58026731056592,basal_terminals,P6
30,Hipp1,6.0,cluster2,2.780834715392147,254.91776783979756,basal_terminals,P6
31,Hipp1,6.0,cluster2,2.8939971210268163,254.2588554949324,basal_terminals,P6
32,Hipp1,6.0,cluster2,3.403778503173078,246.45043004253478,basal_terminals,P6
33,Hipp1,6.0,cluster2,3.5525951053559166,272.1801790254959,basal_terminals,P6
34,Hipp1,6.0,cluster2,2.8891408655117585,293.83172016440477,basal_terminals,P6
35,Hipp1,6.0,cluster2,0.8553238141419415,107.56284491017743,basal_terminals,P6
36,Hipp1,6.0,cluster2,0.3726387786117973,75.88415996690829,basal_terminals,P6
37,Hipp1,6.0,cluster2,1.523953199545404,172.40921704979897,basal_terminals,P6
38,Hipp1,6.0,cluster2,0.4393464753585984,80.66642111143403,basal_terminals,P6
39,Hipp1,6.0,cluster2,0.6797152080980527,100.91332929488269,basal_terminals,P6
40,Hipp1,6.0,cluster2,1.613032789663981,159.20667485442547,basal_terminals,P6
41,Hipp1,6.0,cluster2,1.5506736701883603,152.00139200548173,basal_terminals,P6
42,Hipp1,6.0,cluster2,2.8122625454302304,390.7583012377957,obliqe_terminals,P6
43,Hipp1,6.0,cluster2,1.9867694815619303,350.93824189266223,obliqe_terminals,P6
44,Hipp1,6.0,cluster2,2.4592553283351894,369.0116010136539,obliqe_terminals,P6
45,Hipp1,6.0,cluster2,2.2064592355787,353.3733566484137,obliqe_terminals,P6
46,Hipp1,6.0,cluster2,1.9717278642886682,298.6782341625204,obliqe_terminals,P6
47,Hipp1,6.0,cluster2,1.9882653319868702,293.38014348267603,obliqe_terminals,P6
48,Hipp1,6.0,cluster2,2.6901083535733745,309.1460692327702,obliqe_terminals,P6
49,Hipp1,6.0,cluster2,3.166244131164207,327.2476538139422,obliqe_terminals,P6
50,Hipp1,6.0,cluster2,3.256718258832602,332.9463601610601,obliqe_terminals,P6
51,Hipp1,6.0,cluster2,1.6989989205267195,275.42853799886547,obliqe_terminals,P6
52,Hipp1,6.0,cluster2,2.695131181487068,327.44520419958843,obliqe_terminals,P6
53,Hipp1,6.0,cluster2,2.287309544716616,340.1007062089472,obliqe_terminals,P6
54,Hipp1,6.0,cluster2,2.5511949281950184,364.61796458126497,obliqe_terminals,P6
55,Hipp1,6.0,cluster2,2.844250176134422,375.9528442465438,obliqe_terminals,P6
56,Hipp1,6.0,cluster2,3.181497867724671,328.970160252187,obliqe_terminals,P6
57,Hipp1,6.0,cluster2,1.9790229265956825,239.54873988510545,obliqe_terminals,P6
58,Hipp1,6.0,cluster2,2.120162131503966,270.75555926273626,obliqe_terminals,P6
59,Hipp1,6.0,cluster2,2.4009004859189353,250.55931163445143,obliqe_terminals,P6
60,Hipp1,6.0,cluster2,2.392825246683813,278.9304754077325,obliqe_terminals,P6
61,Hipp1,6.0,cluster2,2.283674405580292,260.1524267349077,obliqe_terminals,P6
62,Hipp1,6.0,cluster2,1.325048566606771,184.0581181759609,obliqe_terminals,P6
63,Hipp1,6.0,cluster2,2.75135420325806,275.2374190463672,obliqe_terminals,P6
64,Hipp1,6.0,cluster2,2.7579686725626735,251.41485216264203,obliqe_terminals,P6
65,Hipp1,6.0,cluster2,2.213587583082097,217.1258454618046,obliqe_terminals,P6
66,Hipp1,6.0,cluster2,0.33935972163917777,93.67632229030575,obliqe_terminals,P6
67,Hipp1,6.0,cluster2,0.7031709847361087,140.47265596883074,obliqe_terminals,P6
68,Hipp1,6.0,cluster2,2.819291387906741,240.99177143433405,obliqe_terminals,P6
69,Hipp1,6.0,cluster2,1.4105666462970758,212.85612866917864,obliqe_terminals,P6
70,Hipp1,6.0,cluster2,4.11567022762964,354.21971712842793,obliqe_terminals,P6
71,Hipp1,6.0,cluster2,2.005660095040519,676.5009956226713,obliqe_terminals,P6
72,Hipp1,6.0,cluster2,2.3424488210017653,434.9757887932238,obliqe_terminals,P6
73,Hipp1,6.0,cluster2,2.4184625555882096,426.7958682991053,obliqe_terminals,P6
74,Hipp1,6.0,cluster2,1.967981537470749,416.04753806234015,obliqe_terminals,P6
75,Hipp1,6.0,cluster2,2.4622586234636494,420.2100166939163,obliqe_terminals,P6
76,Hipp1,6.0,cluster2,2.318373304946031,402.5131536524204,obliqe_terminals,P6
77,Hipp1,6.0,cluster2,1.876427638852831,482.1860865176938,obliqe_terminals,P6
78,Hipp1,6.0,cluster2,3.1934569390184353,566.456840336815,obliqe_terminals,P6
79,Hipp1,6.0,cluster2,3.125020347966251,714.1610503943924,obliqe_terminals,P6
80,Hipp1,6.0,cluster2,2.2131240339209852,438.90793100781855,obliqe_terminals,P6
81,Hipp1,6.0,cluster2,2.198224791040272,441.21451690041533,obliqe_terminals,P6
82,Hipp1,6.0,cluster2,2.1018845326965963,339.48196396417103,obliqe_terminals,P6
83,Hipp1,6.0,cluster2,1.9200846621813112,392.17368520838414,obliqe_terminals,P6
84,Hipp1,6.0,cluster2,1.6060531688059432,389.0787971511354,obliqe_terminals,P6
85,Hipp1,6.0,cluster2,1.8823704849165155,350.9956359895546,obliqe_terminals,P6
86,Hipp1,6.0,cluster2,2.1070731361260884,398.2156662113258,obliqe_terminals,P6
87,Hipp1,6.0,cluster2,2.344313917743509,377.71475133951594,obliqe_terminals,P6
88,Hipp1,6.0,cluster2,8.14889975188242,1493.1076664120467,tuft_terminals,P6
89,Hipp1,6.0,cluster2,8.091790955028987,1417.6355622021529,tuft_terminals,P6
90,Hipp1,6.0,cluster2,4.727703990000768,1110.5148782910333,tuft_terminals,P6
91,Hipp1,6.0,cluster2,8.674326256519572,1457.8686967825008,tuft_terminals,P6
92,Hipp1,6.0,cluster2,7.871511280060741,1421.3540324442652,tuft_terminals,P6
93,Hipp1,6.0,cluster2,2.657592009831333,870.0546307122053,tuft_terminals,P6
94,Hipp1,6.0,cluster2,2.9385029862948815,982.1303254790889,tuft_terminals,P6
95,Hipp1,6.0,cluster2,2.678894481399457,787.208599463476,tuft_terminals,P6
96,Hipp1,6.0,cluster2,2.6442580445426866,779.9939550057074,tuft_terminals,P6
0,Hipp3,7.0,cluster1,2.516418468481559,204.10674533744626,basal_terminals,P6
1,Hipp3,7.0,cluster1,2.85435032010308,276.079874120627,basal_terminals,P6
2,Hipp3,7.0,cluster1,2.353783907654875,224.21265264328605,basal_terminals,P6
3,Hipp3,7.0,cluster1,2.334568469084419,231.85657433269762,basal_terminals,P6
4,Hipp3,7.0,cluster1,3.3752818843054775,322.0879993862733,basal_terminals,P6
5,Hipp3,7.0,cluster1,1.2317999614877935,132.17845459335788,basal_terminals,P6
6,Hipp3,7.0,cluster1,2.72300475716267,266.2345002294437,basal_terminals,P6
7,Hipp3,7.0,cluster1,2.472025481277898,221.48153180194,basal_terminals,P6
8,Hipp3,7.0,cluster1,1.6087145392442082,131.82874863893363,basal_terminals,P6
9,Hipp3,7.0,cluster1,3.8457866178793627,194.88831705697115,basal_terminals,P6
10,Hipp3,7.0,cluster1,3.1155325827445615,235.43434788104955,basal_terminals,P6
11,Hipp3,7.0,cluster1,3.567513886649003,284.0810179840065,basal_terminals,P6
12,Hipp3,7.0,cluster1,3.423131857439045,233.6409442907751,basal_terminals,P6
13,Hipp3,7.0,cluster1,3.216140189770792,222.91816605144172,basal_terminals,P6
14,Hipp3,7.0,cluster1,2.9507646205822806,232.60188619916076,basal_terminals,P6
15,Hipp3,7.0,cluster1,3.4560544665807305,228.66041340274822,basal_terminals,P6
16,Hipp3,7.0,cluster1,3.8003544526767437,246.49616708453453,basal_terminals,P6
17,Hipp3,7.0,cluster1,3.1907474051521354,319.32151577981057,basal_terminals,P6
18,Hipp3,7.0,cluster1,2.7879660317773536,286.7423209761181,basal_terminals,P6
19,Hipp3,7.0,cluster1,2.8038888425053026,244.01916404457734,basal_terminals,P6
20,Hipp3,7.0,cluster1,3.570478644865101,262.8812474302795,basal_terminals,P6
21,Hipp3,7.0,cluster1,2.0155875224131377,210.15774215803202,basal_terminals,P6
22,Hipp3,7.0,cluster1,1.7447743843726444,177.27349262038848,basal_terminals,P6
23,Hipp3,7.0,cluster1,3.2006477991932716,280.92392707377155,basal_terminals,P6
24,Hipp3,7.0,cluster1,2.8346079220905445,256.97270186761057,basal_terminals,P6
25,Hipp3,7.0,cluster1,3.3748593137180563,254.9020641577767,basal_terminals,P6
26,Hipp3,7.0,cluster1,2.825016767443944,282.61405230166764,basal_terminals,P6
27,Hipp3,7.0,cluster1,3.069597934791031,280.3794095388825,basal_terminals,P6
28,Hipp3,7.0,cluster1,3.31523016316253,296.8715794370037,basal_terminals,P6
29,Hipp3,7.0,cluster1,1.9922564279675976,211.5837293980513,basal_terminals,P6
30,Hipp3,7.0,cluster1,2.128780953122169,202.65690669733817,basal_terminals,P6
31,Hipp3,7.0,cluster1,2.428402687416484,180.17574450710285,basal_terminals,P6
32,Hipp3,7.0,cluster1,2.370912485883912,171.94223073503764,basal_terminals,P6
33,Hipp3,7.0,cluster1,1.263325655232207,124.58974724941743,basal_terminals,P6
34,Hipp3,7.0,cluster1,2.7281608948241765,225.2025658506231,basal_terminals,P6
35,Hipp3,7.0,cluster1,1.2273231494093806,101.35426019515027,basal_terminals,P6
36,Hipp3,7.0,cluster1,3.151455990479919,236.83307625325762,basal_terminals,P6
37,Hipp3,7.0,cluster1,2.724301532798901,219.29502320915253,basal_terminals,P6
38,Hipp3,7.0,cluster1,0.7427815602638077,103.4002804598195,basal_terminals,P6
39,Hipp3,7.0,cluster1,1.6214083802372332,161.15007854332003,basal_terminals,P6
40,Hipp3,7.0,cluster1,1.4114147899122893,140.04364834209713,basal_terminals,P6
41,Hipp3,7.0,cluster1,2.175290791692667,196.09145682169805,basal_terminals,P6
42,Hipp3,7.0,cluster1,0.38959440186714317,66.63001027566374,basal_terminals,P6
43,Hipp3,7.0,cluster1,0.5793852402970195,98.34556709845083,basal_terminals,P6
44,Hipp3,7.0,cluster1,0.4559327767525272,82.03183602153281,basal_terminals,P6
45,Hipp3,7.0,cluster1,2.40648437498062,346.51827080253986,obliqe_terminals,P6
46,Hipp3,7.0,cluster1,2.5060315339636694,326.43208545267925,obliqe_terminals,P6
47,Hipp3,7.0,cluster1,1.9129523784797253,369.6443455337311,obliqe_terminals,P6
48,Hipp3,7.0,cluster1,1.9004961575491566,349.9302412886695,obliqe_terminals,P6
49,Hipp3,7.0,cluster1,1.610943367629738,375.59982535577944,obliqe_terminals,P6
50,Hipp3,7.0,cluster1,1.5443322030142836,370.7377752693221,obliqe_terminals,P6
51,Hipp3,7.0,cluster1,2.2703592260377756,414.1807409348316,obliqe_terminals,P6
52,Hipp3,7.0,cluster1,1.9791443282533745,330.07484025333764,obliqe_terminals,P6
53,Hipp3,7.0,cluster1,2.0459029213425803,339.99774906516507,obliqe_terminals,P6
54,Hipp3,7.0,cluster1,1.8363384273663699,310.86144889107453,obliqe_terminals,P6
55,Hipp3,7.0,cluster1,1.9240931688540055,322.40597723456443,obliqe_terminals,P6
56,Hipp3,7.0,cluster1,2.0428750093748236,316.51777392437333,obliqe_terminals,P6
57,Hipp3,7.0,cluster1,2.045463546557865,350.01078833841444,obliqe_terminals,P6
58,Hipp3,7.0,cluster1,1.849090227061162,365.53684457432485,obliqe_terminals,P6
59,Hipp3,7.0,cluster1,2.6482371707007433,462.46086832709597,obliqe_terminals,P6
60,Hipp3,7.0,cluster1,2.579213957355136,456.79134732644616,obliqe_terminals,P6
61,Hipp3,7.0,cluster1,2.504978849806696,451.1256171086993,obliqe_terminals,P6
62,Hipp3,7.0,cluster1,2.564839200036482,385.8070711173639,obliqe_terminals,P6
63,Hipp3,7.0,cluster1,2.497784658208762,380.29925549050125,obliqe_terminals,P6
64,Hipp3,7.0,cluster1,1.0797188504082573,243.61046312235638,obliqe_terminals,P6
65,Hipp3,7.0,cluster1,1.9410191982733385,308.986474414201,obliqe_terminals,P6
66,Hipp3,7.0,cluster1,1.6719620865520297,252.60063871529593,obliqe_terminals,P6
67,Hipp3,7.0,cluster1,1.6445712858818853,251.1535017590861,obliqe_terminals,P6
68,Hipp3,7.0,cluster1,1.6885171920161728,243.8961885137835,obliqe_terminals,P6
69,Hipp3,7.0,cluster1,0.7213725535565377,171.22385505159855,obliqe_terminals,P6
70,Hipp3,7.0,cluster1,0.7962169585552361,172.87253185863187,obliqe_terminals,P6
71,Hipp3,7.0,cluster1,2.239322223046472,254.9659656825259,obliqe_terminals,P6
72,Hipp3,7.0,cluster1,2.2302660634491054,270.0155010206853,obliqe_terminals,P6
73,Hipp3,7.0,cluster1,2.1707236754415216,258.85475899637447,obliqe_terminals,P6
74,Hipp3,7.0,cluster1,1.6594417788080014,287.9782589032341,obliqe_terminals,P6
75,Hipp3,7.0,cluster1,2.0807350257097044,293.30319244945997,obliqe_terminals,P6
76,Hipp3,7.0,cluster1,2.2176088070028976,280.3692655972641,obliqe_terminals,P6
77,Hipp3,7.0,cluster1,2.6297776242246202,339.1549968504998,obliqe_terminals,P6
78,Hipp3,7.0,cluster1,2.4137646269904054,293.3000281507708,obliqe_terminals,P6
79,Hipp3,7.0,cluster1,1.9106814854027565,251.97711230762508,obliqe_terminals,P6
80,Hipp3,7.0,cluster1,2.440783430374135,435.2486473420084,obliqe_terminals,P6
81,Hipp3,7.0,cluster1,2.163644263975864,363.338353362299,obliqe_terminals,P6
82,Hipp3,7.0,cluster1,2.150925966419958,355.866803805279,obliqe_terminals,P6
83,Hipp3,7.0,cluster1,1.4236649700055053,340.7312784413301,obliqe_terminals,P6
84,Hipp3,7.0,cluster1,2.2501273782772278,361.9529036163313,obliqe_terminals,P6
85,Hipp3,7.0,cluster1,2.4494320920748875,304.7593504364146,obliqe_terminals,P6
86,Hipp3,7.0,cluster1,2.2487378788112813,288.27446076444886,obliqe_terminals,P6
87,Hipp3,7.0,cluster1,3.381021356781432,285.12183116441594,obliqe_terminals,P6
88,Hipp3,7.0,cluster1,3.0899788142577527,258.02581297019503,obliqe_terminals,P6
89,Hipp3,7.0,cluster1,2.763000848759601,236.95241278111587,obliqe_terminals,P6
90,Hipp3,7.0,cluster1,1.1382874272621062,195.71214707493093,obliqe_terminals,P6
91,Hipp3,7.0,cluster1,1.978142402299104,252.85086663671117,obliqe_terminals,P6
92,Hipp3,7.0,cluster1,2.008554237031058,255.3488745868449,obliqe_terminals,P6
93,Hipp3,7.0,cluster1,10.620252670082747,1430.1834062043988,tuft_terminals,P6
94,Hipp3,7.0,cluster1,10.221511323092612,1406.061554382127,tuft_terminals,P6
95,Hipp3,7.0,cluster1,9.489977505243912,1256.4775508957425,tuft_terminals,P6
96,Hipp3,7.0,cluster1,5.743913441988293,1094.6382312048522,tuft_terminals,P6
97,Hipp3,7.0,cluster1,4.130159841085652,877.3408818986317,tuft_terminals,P6
98,Hipp3,7.0,cluster1,3.4932494852474565,690.6777770641208,tuft_terminals,P6
99,Hipp3,7.0,cluster1,5.2343494295786535,972.9802017358295,tuft_terminals,P6
100,Hipp3,7.0,cluster1,9.326918667262113,1368.81324742951,tuft_terminals,P6
101,Hipp3,7.0,cluster1,11.335591595755556,1374.40702979101,tuft_terminals,P6
102,Hipp3,7.0,cluster1,7.76288271569596,1125.743261915191,tuft_terminals,P6
103,Hipp3,7.0,cluster1,7.469357594760618,1111.6895893297028,tuft_terminals,P6
104,Hipp3,7.0,cluster1,9.71360700580571,1184.4919637019216,tuft_terminals,P6
105,Hipp3,7.0,cluster1,6.8060237673121975,1090.1713581554022,tuft_terminals,P6
106,Hipp3,7.0,cluster1,8.005881251123652,1122.5356492285616,tuft_terminals,P6
0,Hipp5,8.0,cluster1,0.8312322172352934,177.766324438503,basal_terminals,P6
1,Hipp5,8.0,cluster1,0.4931410441595419,110.0702731527531,basal_terminals,P6
2,Hipp5,8.0,cluster1,1.148569903580039,203.89262621623067,basal_terminals,P6
3,Hipp5,8.0,cluster1,1.7245375159225713,278.46313400869315,basal_terminals,P6
4,Hipp5,8.0,cluster1,1.4555982689783409,212.1362029172841,basal_terminals,P6
5,Hipp5,8.0,cluster1,1.617004952636561,285.4323643756371,basal_terminals,P6
6,Hipp5,8.0,cluster1,1.867125135721667,303.7908625108204,basal_terminals,P6
7,Hipp5,8.0,cluster1,1.64961083345546,251.5042311148251,basal_terminals,P6
8,Hipp5,8.0,cluster1,2.1523666406197663,274.30227348303555,basal_terminals,P6
9,Hipp5,8.0,cluster1,2.0405563504730155,291.1303920797654,basal_terminals,P6
10,Hipp5,8.0,cluster1,1.446816580751202,213.05951045757243,basal_terminals,P6
11,Hipp5,8.0,cluster1,1.500244944645698,219.3169097328941,basal_terminals,P6
12,Hipp5,8.0,cluster1,2.120962177607563,258.56457802500034,basal_terminals,P6
13,Hipp5,8.0,cluster1,2.1780284772215426,291.8376467626959,basal_terminals,P6
14,Hipp5,8.0,cluster1,1.5024949212017606,243.97503284089942,basal_terminals,P6
15,Hipp5,8.0,cluster1,1.402885874147474,260.0853833914566,basal_terminals,P6
16,Hipp5,8.0,cluster1,1.7401672180800136,289.1781921990588,basal_terminals,P6
17,Hipp5,8.0,cluster1,0.7203119918472309,122.1325656546289,basal_terminals,P6
18,Hipp5,8.0,cluster1,0.7745275051963416,121.58592775964279,basal_terminals,P6
19,Hipp5,8.0,cluster1,0.6011510014466103,104.54449539340854,basal_terminals,P6
20,Hipp5,8.0,cluster1,1.9288643155254779,293.0275754305566,basal_terminals,P6
21,Hipp5,8.0,cluster1,2.0314755754230083,275.6360270010479,basal_terminals,P6
22,Hipp5,8.0,cluster1,1.7830629084543106,242.63479811546495,basal_terminals,P6
23,Hipp5,8.0,cluster1,0.43944094970792663,87.26842550875554,basal_terminals,P6
24,Hipp5,8.0,cluster1,0.2981097724778631,69.45273435401927,basal_terminals,P6
25,Hipp5,8.0,cluster1,1.4235268152999925,325.5188061590867,obliqe_terminals,P6
26,Hipp5,8.0,cluster1,1.4273348501564196,318.5399481683948,obliqe_terminals,P6
27,Hipp5,8.0,cluster1,1.5001897314809642,319.0212899575408,obliqe_terminals,P6
28,Hipp5,8.0,cluster1,1.4313473310054525,419.0853512146204,obliqe_terminals,P6
29,Hipp5,8.0,cluster1,1.4887431307847059,411.6219992239563,obliqe_terminals,P6
30,Hipp5,8.0,cluster1,1.430008278981277,397.85905444819934,obliqe_terminals,P6
31,Hipp5,8.0,cluster1,1.8874805804105148,415.9262709775672,obliqe_terminals,P6
32,Hipp5,8.0,cluster1,1.2200512497633982,445.051679579449,obliqe_terminals,P6
33,Hipp5,8.0,cluster1,0.8326898389552426,344.97952156763705,obliqe_terminals,P6
34,Hipp5,8.0,cluster1,1.2117071689454184,335.47747636646875,obliqe_terminals,P6
35,Hipp5,8.0,cluster1,0.5724792199189692,283.30402567559673,obliqe_terminals,P6
36,Hipp5,8.0,cluster1,1.12497322106704,363.43336317081537,obliqe_terminals,P6
37,Hipp5,8.0,cluster1,1.0708557783806227,336.6243868815713,obliqe_terminals,P6
38,Hipp5,8.0,cluster1,1.3232333131743221,371.584906661501,obliqe_terminals,P6
39,Hipp5,8.0,cluster1,0.6835390168460997,276.33615756703557,obliqe_terminals,P6
40,Hipp5,8.0,cluster1,1.4472122462508699,507.1866072092204,obliqe_terminals,P6
41,Hipp5,8.0,cluster1,1.4318006536120382,503.65976971923743,obliqe_terminals,P6
42,Hipp5,8.0,cluster1,1.0079617370338518,365.64358129029046,obliqe_terminals,P6
43,Hipp5,8.0,cluster1,1.355406435302691,414.52742554861436,obliqe_terminals,P6
44,Hipp5,8.0,cluster1,0.8541380165090005,336.9337390712384,obliqe_terminals,P6
45,Hipp5,8.0,cluster1,1.4546914916610139,392.9270805603576,obliqe_terminals,P6
46,Hipp5,8.0,cluster1,1.443203069369793,396.55066241997093,obliqe_terminals,P6
47,Hipp5,8.0,cluster1,1.5439564487513235,394.205936753936,obliqe_terminals,P6
48,Hipp5,8.0,cluster1,0.9098851055709207,298.1907204659711,obliqe_terminals,P6
49,Hipp5,8.0,cluster1,0.7204170356749903,275.8627109647622,obliqe_terminals,P6
50,Hipp5,8.0,cluster1,0.6983183407917541,209.28611893311674,obliqe_terminals,P6
51,Hipp5,8.0,cluster1,0.3803493685876861,182.56209333114816,obliqe_terminals,P6
52,Hipp5,8.0,cluster1,1.4461028306081385,316.576421864227,obliqe_terminals,P6
53,Hipp5,8.0,cluster1,1.4943202472190196,318.6279573332047,obliqe_terminals,P6
54,Hipp5,8.0,cluster1,1.6035136786617887,334.5131695038844,obliqe_terminals,P6
55,Hipp5,8.0,cluster1,1.5426482834862745,306.0449029200515,obliqe_terminals,P6
56,Hipp5,8.0,cluster1,2.009365863301168,284.67404482328305,obliqe_terminals,P6
57,Hipp5,8.0,cluster1,2.3596407027253403,379.0718453027536,obliqe_terminals,P6
58,Hipp5,8.0,cluster1,2.0626418580883836,340.5104599014554,obliqe_terminals,P6
59,Hipp5,8.0,cluster1,1.3935098097554448,271.20736350560793,obliqe_terminals,P6
60,Hipp5,8.0,cluster1,0.3520724926874871,169.95754165796055,obliqe_terminals,P6
61,Hipp5,8.0,cluster1,1.2566952604733763,372.0920173538096,obliqe_terminals,P6
62,Hipp5,8.0,cluster1,0.9711940953126802,289.9252894779496,obliqe_terminals,P6
63,Hipp5,8.0,cluster1,1.1972421752063567,266.49022662961033,obliqe_terminals,P6
64,Hipp5,8.0,cluster1,1.1951507229823568,266.1642694612537,obliqe_terminals,P6
65,Hipp5,8.0,cluster1,0.8104581333446722,232.99262162791,obliqe_terminals,P6
66,Hipp5,8.0,cluster1,1.7028177899969896,260.18036807037845,obliqe_terminals,P6
67,Hipp5,8.0,cluster1,1.0129934111636143,234.3750782842042,obliqe_terminals,P6
68,Hipp5,8.0,cluster1,1.2331871844359754,268.69273469635743,obliqe_terminals,P6
69,Hipp5,8.0,cluster1,0.24876610012198627,101.57382877062429,obliqe_terminals,P6
70,Hipp5,8.0,cluster1,0.2539645419618338,105.3864519735109,obliqe_terminals,P6
71,Hipp5,8.0,cluster1,1.569330645394098,254.55722482403058,obliqe_terminals,P6
72,Hipp5,8.0,cluster1,0.3257267929612221,126.97775843065075,obliqe_terminals,P6
73,Hipp5,8.0,cluster1,0.21633273052838492,81.73537133205431,obliqe_terminals,P6
74,Hipp5,8.0,cluster1,2.5873788876698303,1132.3756510444314,tuft_terminals,P6
75,Hipp5,8.0,cluster1,3.2448560922587415,1239.8370637689027,tuft_terminals,P6
76,Hipp5,8.0,cluster1,3.181625206906339,1223.0540278537871,tuft_terminals,P6
77,Hipp5,8.0,cluster1,3.6070101145513735,1334.8177389348987,tuft_terminals,P6
78,Hipp5,8.0,cluster1,2.0835976549176882,840.848906348346,tuft_terminals,P6
